job_title,job_details,job_keyword_true,LLM_answer,Accuracy
senior system engineer - eng,"company description beyondsoft international (singapore) pte. ltd. was set up in 2007 and established as the regional headquarters for the southeast asia (sea) and european markets in september 2015. based on our vision of ""using technology to promote social progress, economic development and become a global customer preferred partner"" and our concept of ""beyond your expectations"", beyondsoft is committed to provide our customers in countries along the ""belt and road"" with comprehensive solutions and products and creating commercial value for customers to realizing continuous businesses development. our core business includes: it development services providing customers with it consulting, software research and development, software and hardware testing, system integration and operation and maintenance, data analysis and other services; new retail solutions and products through intelligent products, helping small and medium-sized enterprises (smes) realize the digital transformation of their daily operations; internet of things (iot) platform and solutions comprehensive use of iot, artificial intelligence, big data, cloud computing and other technologies to provide iot solutions for intelligent upgrades in cities, parks, buildings and industries, to create a smart future. for more information, please visit responsibilities manage and monitor all installed systems and infrastructure install, configure, test, and maintain operating systems, application software and system management tools proactively ensure the highest levels of systems and infrastructure availability monitor and test application performance for potential bottlenecks, identify possible solutions, and work with developers to implement those fixes maintain security, backup, redundancy and bcp strategies participate in the design of information and operational support systems liaise with vendors and other it personnel for problem resolution manage the vmware environment provide enterprise-wide support to a high level of microsoft windows support the hpe and hitachi environments qualifications diploma or bachelors degree in computer science/ information technology/ engineering or equivalent minimum 5 years of knowledge on the following technologies: vmware vcenter: esxi, srm, vrm security operation and technologies such as privileged access management, endpoint protection platform, firewall system monitoring backup and recovery windows server os with good understanding of windows ad, dns, gpo, and failover clustering san storage with good understanding of remote site replication (knowledge of administrating hitachi virtual storage platform would be an added advantage) possess good understanding of public key infrastructure and network access control good communication skills and able to work independently able to provide support in a 24/7 environment and would require to work on-call at least 1 week every month please note that your application will be sent to and reviewed by the direct employer - beyondsoft international (singapore) pte ltd",engineer,engineer,True
expression of interest - implementation consultant,"we are inviting professionals in high-growth industries who are thinking about their next move or looking for a new opportunity to join our expanding talent pool. the marlee talent pool is a pilot project designed to: help job seekers get discovered by our partners based on their anticipated hiring needs. provide optional support and resources for job seekers in their career endeavours. help individuals understand, and bring out the best in themselves and each other. the marlee talent pool process: once you express your interest, you will be asked to complete the marlee work style assessment which measures 48 key attitudes and motivations in the context of work. on completion, you will be automatically added to our growing talent pool and contacted as new opportunities arise. about marlee (fingerprint for success) backed by 20+ years of research, marlee__ revolutionary predictive analytics have achieved over 90% reliability in forecasting personal and team motivations, behaviours, and performance. ultimately, we help people find purpose and fulfillment at work, and help build and scale high-performing teams. keep in mind that joining our talent pool does not guarantee a job offer. we aim to balance your technical skills with the results of your marlee work style assessment to match the hiring needs of our partners. your feedback is a gift! write to us via: to help co-create the future of recruitment, together. #j-18808-ljbffr",recruiter ,manager,False
infrastructure engineer,"we are seeking a highly skilled and experienced hybrid it engineer to manage, maintain, and optimize our windows-based infrastructure and associated technologies within our hybrid it environment. the ideal candidate will be responsible for ensuring the health, performance, and security of windows servers and systems while collaborating with cross-functional teams to implement and support enterprise-wide solutions. key responsibilities: implement and manage windows-based infrastructure and associated technologies. monitor and maintain the health, performance, and security of windows servers and systems. administer active directory, group policy, dns, dhcp, and related services. configure and troubleshoot hypervisor nutanix virtualization platforms (e.g., vmware, hyper-v). install, configure, and manage windows servers and services, including iis, sql server, exchange 2019 and skype 2019 collaborate with cross-functional teams to implement and support enterprise-wide solutions. perform routine system and application updates, patches, and upgrades. develop and maintain documentation related to system configurations, processes, and procedures. provide level 2 and level 3 support for windows-related issues. participate in on-call rotation for after-hours support as needed. qualifications: bachelor's degree in a relevant field. at least 3 to 5 years of experience in administering windows-based systems and infrastructure. proficiency in windows server operating systems (2019). strong understanding of active directory, group policy, dns, and dhcp. experience with virtualization platforms such as vmware and hyper-v. knowledge of scripting languages (e.g., powershell) for automation and scripting tasks. familiarity with monitoring tools and systems management solutions. excellent problem-solving and troubleshooting skills. strong communication and interpersonal abilities. certifications such as mcse, mcsa, or equivalent are a plus. additional preferred skills: microsoft system center suite (scvmm, scom, sccm, wsus) exchange 2019 and skype 2019 administration netbackup 10.x and data domain for backup and recovery solutions nutanix hci for virtualization and storage solutions nessus for vulnerability assessment f5 load balancers and rsa security solutions splunk for log management and data analysis",engineer,engineer,True
auxiliary police officer #urgent,"are you looking for an exciting opportunity to serve your community and make a difference? we are currently seeking dedicated individuals to join our team as auxiliary police officers. as an auxiliary police officer, you will work alongside our regular police force, providing support and ensuring the safety and security of our community.( joining bonus up to $35,000) job responsibilities: 1. safeguard premises and key installations. 2. conduct patrols on foot or in a vehicle to deter criminal activity. 3. provide arm protection services 4. conduct crowd and traffic control 5. provide escort and protection service during community events, parades, and other public gatherings. 6. write detailed reports on incidents, accidents, and activities during shifts. 7. assist with crowd control and maintain order in public places. 8. collaborate with other law enforcement agencies and emergency services as necessary. requirements: 1. minimally 3 gce ___ level credits & above 2. ippt and shooting is required 3. higher qualification will be considered for higher ranks 4. excellent communication and interpersonal skills. 5. ability to make quick decisions and remain calm in stressful situations. 6. willingness to do shift duties 7. full sponsored training is provided for successful candidates. benefits : -annual increment -medical coverage -corporate discount -insurance coverage -rank promotion how to apply: please submit your resume at 96410267 for quick response. only shortlisted candidates will be contacted for further assessment",police,defence,False
sales executive,"join us as a sales executive. no experience? no problem. we are looking for open-minded individuals who have strong passion for achievements and keen to make a difference in the lives of others. hence, we are willing to invest on the right candidates to acquire the right skills to be an effective sales person.if you desire to have a sales career, but lack the knowledge and experience, yet desire a company that train you from scratch, this is the position you should apply. roles & responsibilities: market research and identification of market opportunities and leads marketing services and products to meet clients_ unique needs and goals. providing professional crafted solutions to individuals providing business solutions to corporate clients building good rapport with potential and existing clients key point of contact between company and clients coordinating with various stakeholders to fulfil client__ requests maintain knowledge of all product and services of the company assisting in the company business and development planning engaging in feedback loops between client and company comprehensive training provided: positioning of the product(s) products knowledge tactical pitching of the product(s) improvement in communication skills preparing of presentation tools closing techniques management techniques requirements: local diploma or degree holder in any discipline entry level are welcomed to apply as no experience is required individuals looking for a change in career are also welcomed skills, traits, attributes that we are looking for: good communication & interpersonal skills negotiation skills excellent time management achievement-oriented positive, self-motivated, coachable and ambitious individuals ability to connect and influence benefits: basic ($2500 _ $5000) + commission quarterly and annual bonus incentives further details will be discussed during interview. candidates who are interested please send in your resume. we regret that only shortlisted candidates will be notified.",office worker,manager,False
"manager, project & program risk management (3-year contract) (5804)","you will be part of the enterprise risk management unit to strengthen and drive a sustainable risk culture within changi east (ce), and be part of our effort to: sustain and improve on ce__ risk governance and reporting, including advising and interacting with ce's senior management, project directors and stakeholders on project and programme risk management. partner with ce's projects/ packages on risk engagement activities to facilitate comprehensive risk identification, assessment, mitigation and reporting, including but not limited to insurance programme management. maintain and enhance oversight on risk identification, monitoring and controlling activities that include risk scanning and key risk indicators (kris) reviews. drive risk awareness and risk competency improvement across ce's projects/ packages, through training and communications. drive risk management process productivity and excellence, leveraging on risk management it system and other tools. lead or partake in projects and initiatives which strengthen ce's risk culture. requirements: good degree. at least 5 years of relevant working experience in the building industry. certifications in design for safety/ project risk management/ project management will be advantageous. exposure to civil and structural engineering / mechanical and electrical engineering/ architectural experience will be advantageous. highly-driven, resourceful, independent, meticulous and analytical, with good stakeholder management skills.",manager,manager,True
"sales manager singapore, malaysia and brunei","job description: at abbott structural heart, we__e helping rebuild better hearts and improve patients_ quality of life with an improved benefit-to-risk profile by delivering better therapies, better evidence, and better experiences. key purpose of role: ensure that the assigned country meets or exceeds sales objectives. work with their country manager to identify and evaluate market opportunities and sales potential and to establish and achieve annual sales objectives in the assigned country. manage sales team in assigned territory to expand our market share by promoting sales activities and position the company as the leader in the market lead and ensure that the technical sales representatives provide instant technical support to physicians during device implant and meet sales target assigned key responsibilities: manage sales team in assigned territory to expand our market share by promoting sales activities and position the company as the leader in the market. lead and ensure that the technical sales representatives provide instant technical support to physicians during device implant and meet sales target assigned. hold and own responsibility for the quarterly aop (annual operating profit) numbers. create marketing programs for assigned territory as guided by country manager and asia pacific marketing team to drive business growth and market expansion. create education centers for luminary reference and customer training as guided by asia pacific marketing team. manage and coordinate associated responsibilities such as logistics and venue for trade shows, product launches and customer events. travel and participate in marketing events when needed as assigned by the country manager. qualifications: university degree (or equivalent) in science, healthcare, or business discipline. 5+ years of related work experience within structural heart, electrophysiology or healthcare industry. strong sales and clinical orientation, experience with products for use in cardiology field. experience in ot or icl is an added advantage. self-drive to identify, initiate and implement projects independently good verbal and written communication skills in english, another language is an asset strong analytical and diagnostic skills in problem solving experience with working on tenders is an asset can adapt to long and short-term business trips. other functions and responsibilities handle and process customer feedbacks/complaints/product experience as applicable in timely manner and according to abbott medical policy and requirement. execute the job responsibilities according to applicable standard operating procedures of abbott medical. ensure applicable standard operating procedures of abbott medical are executed. the base pay for this position is n/a in specific locations, the pay range may vary from the range posted. job family: sales force division: sh structural heart location: singapore > singapore : duo tower additional locations: work shift: standard travel: yes, 25 % of the time medical surveillance: not applicable significant work activities: not applicable",manager,manager,True
android: developer,"job description kotlin coroutine flows deep understanding of mvvm architecture junit benefits what we can offer you diverse and dynamic work environment work-life balance and support for career development an amazing life inside the element! annual leave. medical leave, insurance coverage, yearly appraisal",engineer,engineer,True
"assistant director, business development (r00010380)","the innovation & entrepreneurship (i&e) office at ntu is established to consolidate, synergise and coordinate all i&e related engagement, collaborations and communications across all colleges, schools and innovation drivers in ntu. the office seeks to accelerate the university__ efforts to translate ntu__ scientific discoveries, innovations and creative work into technological and social entrepreneurship activities that benefit industry and society. responsibilities identifies, fosters and strengthens relationships with external partners (including alumni, companies, investors and government agencies) to increase the depth and diversity of collaborative collaboration partnerships for ntu i&e. engages and attracts target partners, acting as a point of liaison between ntu stakeholders, including ntu entrepreneurs (faculty, researcher and students) and external partners to identify new opportunities for mentorship, funding, collaboration, commercialisation and investment. devises and spearheads new initiatives, activities, events and programmes for two-way engagement and interaction between external partners and ntu community to generate external interest in ntu i&e plans and cultivate an entrepreneurial mindset within ntu. manages communication system to maintain and enhance relationships and knowledge sharing between ntu internal stakeholders and target partners. analyses, develops and implements partnership engagement strategies for ntu i&e. develops and implements a streamlined mutually beneficial alumni engagement plan to cultivate and leverage alumni relations to promote and support i&e in ntu. manages the process in establishing partnership agreements with external stakeholders. supports the business development lead on partnership engagement matters and activities. requirements minimum bachelor__ degree in engineering, science or business. minimum 5 years of relevant experience in business development/marketing. prior experience in engaging with vcs/investors and/or relevant government agencies in singapore will be considered an asset. experience in negotiating and managing collaborative/funding agreements will be an advantage. strong relationship management skills with an outgoing and pleasant personality. demonstrated ability to communicate to internal and external stakeholders at all levels. excellent interpersonal and organizational skills, effective in oral and written communication. strategic thinking, innovative and creative in problem solving. the level of appointment offered will commensurate with candidate's experience. hiring institution: ntu ï»_n line with singapore__ nationwide vaccination-differentiated safe management measures (vds), employees must be fully vaccinated to return to the workplace, unless certified to be medically ineligible. for information on vds, please click here.",manager,manager,True
f&b service crew (near mrt),"work information full time: 5 days week (47 hours / week), 2 off days per week (no split shift) part time: $11/hour (depends on experience), flexible schedule 11am 10pm (full shift) / 11am 4pm (lunch shift) / 6pm 10pm (dinner shift) gross salary up to $2400 with ot (depends on experience) sales incentive staff meal provided no quota for work pass employment benefits annual salary increment performance bonus sales incentive annual leave medical leave medical benefits career advancement opportunities outlet teambuilding activities convenient work locations near mrt available work locations- (bedok mrt)- eastpoint mall (simei mrt)- waterway point (punggol mrt)- bukit timah shopping centre (beauty world mrt) summary of role requirements: looking for candidates available to work: monday: morning, afternoon, evening tuesday: morning, afternoon, evening wednesday: morning, afternoon, evening thursday: morning, afternoon, evening friday: morning, afternoon, evening saturday: morning, afternoon, evening sunday: morning, afternoon, evening 1 year of relevant work experience required for this role working rights required for this role expected salary: $11 - $12 per month",retail,food&restraurant,False
sales consultant (construction related),"we are seeking a confident, proactive and motivated sales consultant/ relationship manager to join our energetic & growing team on an exciting journey of growth in singapore. key responsibilities : generating leads. discover customer's needs and offer solutions through companies services and product portfolio. implementing product specifications. maintaining client & project records. meeting or exceeding sales goals. negotiating solutions and prices with prospective clients. understanding competitor__ presence in the market. preparation and execution of sales related administration. job requirements: preferred bachelor__ degree in business, marketing, economics, or related field. min. 1-3 years experience in sales ideally in construction industry or with civil engineering knowledge. excellent written and verbal communication skills including professional presentations to clients. superb interpersonal skills, including the ability to build strong relations with both customers and the team/ fanatic networker. a commitment to excellent customer service. preferred ability of reading architectural drawings/ dwg. competency in microsoft applications. benefits: attractive basic + bonus package 5 day working week friendly work environment career growth development interested applicants may send their resume/cv by clicking the apply now button.",retail,blue-collar worker,False
"sr/executive, clinical & health informatics office","job description: challenges your key responsibilities include the following: to support the development of health informatics strategy roadmap and supporting health informatics projects and committees. support the operationalization of policies, guidelines and frameworks which governs the development and implementation of clinical and health it systems supporting patient care like electronic medical record (emr) to support the health informatics strategy roadmap. support the tactical implementation of strategic initiatives by executing work plans to ensure that chio meets its strategic goals and objectives. knowledge and content management of project files and documentation, meeting minutes, discussions and key decisions in support of clinical and health informatics, and to ensure ease of future reference. support the execution of hospital health informatics training and development plans to support both clinical and non-clinical staff who wish to pursue a career in informatics and to support the hospital__ health informatics strategy roadmap. support the collaboration with other hospital divisions to further advance the use of clinical and health informatics. assist the manager / assistant manager of chio in the day-to-day administration. secretariat to key meetings and project committees in support clinical and health informatics. any other duties directed by chairman, medical board, acmbs, ccio, accios, director (chio), manager/ assistant manager. collaborate with other hospital divisions to further advance the use of clinical and health informatics. requirements healthcare professionals, healthcare operations, management personnel, healthcare policy analysts who takes an interest in informatics to enable, support and improve healthcare. at least a tertiary degree from a recognized university. preferably 3-5 years of relevant working experience, preferably in a healthcare setting, and preferably with clinical or healthcare informatics experience. proficient in microsoft office like outlook, excel, word and powerpoint a must. project management and health informatics certifications is a plus. strong verbal and written communication skills. excellent organizational and people management. strong analytical skills to manage complex issues and with the ability to collect, organize, analyze and process information with attention to detail and accuracy. ability to initiate, deliver and drive to complete projects with minimal supervision. ability to work effectively individually and as part of a collaborative team.",office worker,medical,False
"senior officer, reconciliation, retail investment operations center","about uob united overseas bank limited (uob) is a leading bank in asia with a global network of more than 500 branches and offices in 19 countries and territories in asia pacific, europe and north america. in asia, we operate through our head office in singapore and banking subsidiaries in china, indonesia, malaysia and thailand, as well as branches and offices.our history spans more than 80 years. over this time, we have been guided by our values _ honorable, enterprising, united and committed. this means we always strive to do what is right, build for the future, work as one team and pursue long-term success. it is how we work, consistently, be it towards the company, our colleagues or our customers. about the department group technology and operations (gto) provides software and system development, information technology support services and banking operations.we have centralized and standardized the technology components into singapore, creating a global footprint which can be utilized for supporting our regional subsidiaries and the branches around the world. we operate and support 19 countries with this architecture to provide a secure and flexible banking infrastructure.our operations divisions provide transactional customer services for our businesses while also focusing on cost efficiency through process improvements, automation and straight through processing. job responsibilities 1. custody reconciliation: perform daily, monthly and quarterly custody reconciliation for cpfis/srs accounts identify causes of discrepancies and follow-up with various processing teams perform investigations of breaks/differences identified and do necessary follow-ups ensure completeness and accuracy in reconciliation ensure custody reports are submitted within pre-defined timelines ensure adherence and compliance to regulatory and internal control requirements timely escalation of breaks to department and division head and to work towards resolution 2. mis: collate mis reports for the division ensure completeness and accuracy in the mis reports submit daily and monthly mis reports on a timely basis work closely with internal and external stakeholders to review processes and identify opportunity to streamline the operational workflow and improve overall efficiency collaborate closely with various functions to review queries, complaints, operational problems to ensure they are resolved promptly and satisfactorily support business plans and ad-hoc duties assigned by the head of department job requirements at least 1-3 years of experience, preferably in custody reconciliation and/or general banking operations high proficiency in microsoft office applications with emphasis on excel as well ability too create macros knowledge in investment products (e.g., equity, fixed income, unit trust) will be an advantage able to work independently and in a team quick learner and able to multi-task organized and systematic able to work under pressure, good analytic skills and good time consciousness good interpersonal and communication skills (written and verbal) details-oriented and meticulous be a part of uob family uob is an equal opportunity employer. uob does not discriminate on the basis of a candidate's age, race, gender, color, religion, sexual orientation, physical or mental disability, or other non-merit factors. all employment decisions at uob are based on business needs, job requirements and qualifications. if you require any assistance or accommodations to be made for the recruitment process, please inform us when you submit your online application. apply now and make a difference. competencies 1. strategise2. engage3. execute4. develop5. skills6. experience",office worker,accounting,False
data science analyst (ai & emerging tech),"position overview synapxe (formerly known as ihis) will be participating in jobstreet by seek career fair on 19 and 20 aug at mbs level 1 hall b. our booth will be at p3. come and have a chat with us over there! data science analyst role supporting healthcare analytics workstreams we are expanding our strong data science team and are looking for talented ai practitioner with applied experience in the fields of machine learning and deep learning to join us. this role is best suited for candidate that is interested in developing new ai application that has a direct and immense, real-world healthcare impact. you need to have a deep passion for analyzing and resolving healthcare problems. you display an intellectual curiosity about the business needs as well as the capability to engage with stakeholders to understand business issues. role & responsibilities analyze data, scope out problem definition and hypothesis for analysis for image/signal data (such as eeg, ecg) related use case responsible for image analysis, synthesis and other aspects of algorithm development, including visual recognition, object detection, segmentation and signal data pattern recognition etc. responsible for the exploration of cutting-edge technology in image/signal data related algorithms and ensure the technologies get successfully applied. design experiments to test data assumptions evaluate experiment outcomes to draw actionable conclusions deploy data models across different channels and customer platforms partner with stakeholders to translate business problems into data science projects develop strategies to identify, acquire and use appropriate data sets to develop practical solutions and support decision making maintain an advanced knowledge of trends affecting the industry synthesize findings into actionable insights apply data analysis, data mining and data processing to present data clearly provide rationale, business cases and roi models to support investment requirements phd or masters in a quantitative field such as mathematics, statistics, information technology, physics, engineering, finance or equivalent solid research and engineering background and experience in computer vision, deep learning, and image/signal data processing/analysis algorithms. good experience with python or r is prerequisite good experience with deep learning framework e.g. tensorflow, keras, pytorch is prerequisite hands on experience in the development of image classification, object detection, segmentation, signal data pattern recognition or related is preferred. good experience with sql and/or nosql is preferred preferably, 3 years of relevant working experience. proven communication skill to explain insights from technical work to non-technical audience through presentation or other means ability to work independently. model deployment experience is preferred.",analyst,analyst,True
general cleaner (tai seng) part time,"working days: wednesday to sunday working hours: 5.30pm - 8.30pm key responsibilities: dusting and wiping furniture and fixtures. vacuuming and mopping floors. cleaning and sanitizing restrooms. emptying trash and recycling bins. washing windows and mirrors. cleaning and disinfecting common areas. assisting with other cleaning tasks as assigned. maintaining the cleanliness and organization of cleaning supplies and equipment. adhering to all safety and health regulations. required skills & experience: experience in commercial or residential cleaning preferred. ability to work independently and as part of a team. strong work ethic and attention to detail. ability to lift and carry moderate weights. ability to work in a fast-paced environment. how to apply: if you are interested in joining our clean team, please submit your resume at or whatsapp us at +65 8690 1810 no agents please. at one heart, we value diversity and strive to create an inclusive workplace for all.",blue-collar worker,blue-collar worker,True
"vp/svp, it infrastructure & system security (sre/api/payments)","min. 12 years of it infrastructure & system security management experience, preferably prior experience in site reliability engineering, api gateways for cross-border payments production support & & monitoring. in depth knowledge of sre tools and/or cloud services, in particular aws and azure clouds in depth knowledge of cloud services, in particular aws and azure clouds. job summary: we are seeking a highly skilled and experienced vp/svp of digital asset technology operations to lead our it infrastructure and security team. the ideal candidate will be responsible for overseeing the it infrastructure & security, which include site reliability engineering, api gateways for cross-border payments production support & & monitoring, production releases and optimization of our technology infrastructure, ensuring the highest levels of availability, performance, and security. you will be working closely with our chief operating officer in accordance to the requirements of business needs, technology platforms, information security, regulatory, and compliance. together with the team, you will be working with internal and external stakeholders on infrastructure platforms, identity & access management team, including assignments that may consist of parts of a single technical area, application, software, or technical methodology within the infrastructure engineering discipline. key responsibilities: - infrastructure management: oversee the design, implementation, and maintenance of the company__ technology infrastructure, including servers, networks, storage systems, hsm and cloud services. ensure the infrastructure is scalable, reliable, and secure to meet current and future business needs by conducting capacity planning in cooperation with the business lines and development teams. manage external vendors, including monitoring of the sla. maintain a tight control on costs. oversee day-to-day it operations, ensuring efficient and effective service delivery. monitor production and provide support to ensure timely resolution of incidents and problems, liaising with the relevant it software support and development teams to resolve incidents. handle the crisis management process if needed. develop and enforce policies and procedures for incident management, problem management, and change management. monitor system performance and implement proactive measures to prevent issues. be the main person in charge for it audits and regulatory inspections. - risk & control management: assess the effectiveness of controls, determine the impact of control issues, identify corrective action, and track issues to closure. perform risk assessments, regulatory and compliance assessments for services and processes. partnering with internal and external parties to manage technology and infra related risks and compliance to regulatory requirements. - compliance & security: ensure compliance with industry standards, regulatory requirements, and internal policies. implement and maintain robust security measures to protect the company__ data and systems. - foster a culture of continuous improvement and operational excellence. - manage of team of it professionals in singapore. qualifications: degree in computer science, information technology, or a related field. minimum of 12 years of experience in it infrastructure management, preferably within financial services or fintech environment. prior experience in site reliability engineering, api gateways for cross-border payments production support & & monitoring, incident management, troubleshooting issues, etc. in depth knowledge of sre tools and cloud services, in particular aws and azure clouds. familiar with information security, audit and risk management functions. strong problem-solving and analytical abilities. excellent communication and interpersonal skills. fluency in english and chinese in both languages as one needs to manage our english and chinese-speaking clients and stakeholders. experience in the financial industry and knowledge of singapore__ regulatory requirements. knowledge of crypto and related infrastructure are a plus.",engineer,manager,False
administrative executive,"on behalf of the hiring company, we are looking for suitable personnel to join them as an administrative executive responsibilities prepare schedule letters quotations for customers and follow up coordinate with internal and external stakeholders to ensure work success. input and maintain data in systems handle incoming and outgoing correspondence, including emails, phone calls, and mail. organize and file documents according to established procedures. any other duties assigned from time to time requirements diploma in business or related discipline minimum 1 year of relevant experience comfortable in communicating with clients able to work well independently and in a team comfortable working in an engineering environment well-versed with word, excel, and process systems attention to detail and accuracy. work location: east (short working distance to mrt) ea license: 22c0971 | r21101298",office worker,office worker,True
software engineer,"job description st engineering geo-insights pte ltd is a data analytics company focused on generating insights from geospatial data and remotely sensed data. we are looking for potential team members who are keen and passionate about implementing technological solutions to solve real-world problems. besides the joy of seeing your work delivering value to global technological advancement, there are opportunities to publish research on top research platforms. you can look forward to a growth-oriented career in a supportive and fast-paced environment. job responsibilities the software engineer role covers a wide range of design, development, and testing activities for geo-insights_ cloud-based imagery delivery and analytics platform for our consumers. we work collaboratively with other teams to launch new features and scale our infrastructure to ensure the platform runs optimally for the needs of our customers. design and maintain the overall architecture of the cloud platform in aws troubleshoot and resolve issues within the software delivery pipeline stages design and develop new platform features ui/ux in a disciplined and sustainable way implement high-quality and maintainable production code using relevant design patterns job requirements: masters / degree in computer science or equivalent at least 5 years of relevant work experience in software development proficient in nodejs, python, typescript programming proficient in frontend frameworks _ e.g. react, angular, bootstrap, etc. proficient in developing backend services using restful apis familiarity with any rdbms or non-sql db _ e.g. mysql, postgressql, mongodb experience with aws cloud deployment and git motivated and proactive, able to work as a team, and results oriented location: ang mo kio singaporean only",engineer,engineer,True
executive (sales / social media),"key responsibilities to enhance sales traffic and brand awareness. to reach out to potential corporate clients in order to generate new corporate event accounts and secure partnerships. to extend collaboration opportunities with existing corporate clients. to attend corporate classes / event enquiries and requests and related admin work. to coordinate and manage corporate / community events, roadshows, and marketing campaigns. to invoice clients. to manage assignment of instructors for events. to maintain instructors' records on sharepoint. to support the preparation of monthly instructor__ payroll and profit-sharing reports. to create, manage, and optimise social media ad campaigns to achieve sales / brand awareness. to design and run brand development initiatives such as: - seeking venue sponsors to organise community workouts. - having more corporate events. - getting sponsorships for the brand. accountability reports to head (business development & operations) competency requirements core competencies communication: excellent interpersonal and communication skills for effective communication with residents, team, community partners, and stakeholders. leadership: excellent team player with strong leadership and responsibility skills. customer orientation: commit to exceeding both internal and external clients_ needs. proactively identify clients_ needs and sustain a culture of service excellence within the organisation. adaptability: strong team player who is resourceful, adaptable, and able to perform multitasks under a given timeline. good organisational and project management skills. self-motivated individual with the ability to work independently. technical competencies proficiency in it systems and microsoft office suite (e.g., microsoft word, excel, powerpoint, etc.). education and experience: minimum degree or diploma in relevant disciplines at least 2 years of relevant working experience in similar sectors the intent of this job description is to provide a representative summary of the major duties and responsibilities of the position. you may be required to perform job-related tasks other than those specifically presented in this description. this job description does not constitute a contract of employment.",marketing,marketing,True
business operations (admin/accounts) executive and/or intern,"contract, flexi-work hours, internship/attachment job description as a business operations executive and/or intern, you will learn to play a vital role in supporting our key executives to ensure a smooth operations of our business. key responsibilities liaising with suppliers (procurement and shipment) stock management data entry filing documents. assist in day-to-day operation administrative tasks. any other task as assigned. requirements minimum gce ___ and ___ level or ite certificate (book keeping) ideally have at least 2 years of relevant working experience proficient in microsoft word and excel good time management and planning attention to detail. ability to communicate in mandarin is an added advantage good oral and written communication and interpersonal skills. proactive, eager to learn, and able to work independently as well as in a team only shortlisted candidates wil be contacted",office worker,office worker,True
research fellow - [2d integrated si photonics] #worknow,"a research fellow position is available in the school of electrical & electronic engineering, nanyang technological university, singapore. we are seeking a highly talented candidate who are highly motivated with a project to conduct the research on integrating optical functions of atomically thin two-dimensional (2d) materials into silicon (si) photonics for information processing and beyond, exploring their application as a new class of optoelectronic devices. job responsibilities design, fabrication, and characterization of si-based photonic devices development new class of photonic devices by integrating 2d materials and vdw heterostructures phase change materials (pcm), electro-optic (eo) materials integration for the hybrid photonics installation of si photonics characterization setup and oversee the progress of the project job requirements phd in relevant area (electrical engineering, materials science, and physics) research background in solid state physics, applied physics, semiconductor materials, nanomaterials is preferred research experience in photonics characterization, such as e-o modulation, optical resonator prior cleanroom fabrication and device experience independent and can work well with a teamwe regret that only shortlisted candidates will be notified.",researcher,researcher,True
"ews engineering engineer m/f - 2021-17467, #jobsthatmatter #worknow...","job description be responsible for new product transfer & integration, ensuring smooth production ramp up, with test stability, high yield and throughput perform product analysis to improve productivity, yield and quality conduct evaluation and provide solutions for test related problems provide engineering support such as temperature characterization, test time reduction, continuous yield/quality improvement, cost saving/reduction, etc carry out analysis and dispose non-conforming lots prepare statistical data analysis & reports (pareto, detractors etc.) liaise and work closely with division, ews manufacturing team & device team (internal & external) provide on-site management sustaining support profile degree in electrical & electronics engineering with at least 3 years_ of working experience relevant experience in electrical wafer sorting (ews) testing environment is added advantage knowledge of probing process, probe card, ic test methodology & programming (such c++, visual basic) preferred possess strong quantitative, analytical and communication skills must be a team player with initiative and self-motivation, with a keen sense of responsibility and urgency",engineer,engineer,True
chinese enrichment teacher (various location),"great career exposure near to mrt good remuneration package as a chinese enrichment teacher, you will be responsible for the following duties: conduct chinese enrichment lesson according to the teaching plan provided keep accurate records of students_ progress, develop and complete the assessment and evaluation reports of students termly communicate with parents on students_ progress requirements: minimum degree in chinese studies or equivalent possess relevant working experience in teaching to apply, simply click on the ___pply__ button in the job advertisement or alternatively, you can send in your resume via email. email address: we regret to inform that only shortlisted candidates will be notified. allied search pte. ltd. ea license : 19c9777",education,education,True
"medical laboratory technologist, general surgery","primary responsibilities and duties bio-banking operations work with the coordinator and principal investigators (pi) to identify patients recruited for clinical sample collection. ensure that there is valid documented consent for the collection of clinical samples prior to collection. be familiar with the protocols for sample collection, both general and specific to the study. collection of clinical samples (tissue, blood or other body fluids) from the clinics and operating theatres. technician will need to handle the samples according to prevailing sops and workflows. perform sample processing work, such as preparation of plasma, serum, buffy coat, peripheral blood mononuclear cells, genomic material extraction. processing work will limited to sample preparation for further experimentation but will not include downstream applications such as dna analysis, elisa etc. ensure quality control parameters, both general and those specific to the study requirements. assist in the maintenance of logs, including the screening, recruitment logs and the sample inventory, sample request and retrieval logs. participate in audits involving banked samples administrative assist in the preparation of the logs to update the pi and sponsors. assist in maintenance of the relevant documentation in accordance with hospital and national policies. this will require the coordinator to be familiar and up to date with hbra, htf regulations as well as institutional policies assist in the maintenance of equipment, equipment and software maintenance contracts. assist in stock taking and ordering of consumables required for bank related activities. be involved in the communication between pis, collaborators, partners, sponsors and regulatory bodies. participate in initiatives to educate and advise pis on clinical sample acquisition and use. provide support and back-up coverage for other bank members as needed. secondary responsibilities and duties encourage multi-disciplinary teamwork ensures that procedures are current participate in routine laboratory administrative work such as filing and processing of deliveries and stock management organising and coordinating operational processes of areas assigned performing other duties as assigned by the head and reporting officer job requirements qualification diploma/degree in biomedical science, biological science, biotechnology or related disciplines experience minimum 1 year of laboratory work preferred minimum 2 years of work experience prior experience in sample preparation preferred skills proficient in microsoft word and excel able to work independently and preform under pressure good interpersonal and communication skills able to work in a fast pace environment",medical ,medical,False
"credit risk analyst, hedge funds. #jobsthatmatter","your role are you naturally curious and ambitious? do you have sharp analytic skills? we__e looking for someone like that who can: evaluate counterparty credit risk based on analysis of both quantitative and qualitative factors, including fundamental credit analysis, in order to recommend internal ratings, lgd and credit limits assess counterparty exposure and evaluate transactional risks associated with various trading activities across fixed income, equities and foreign exchange prepare counterparty reviews/transactional credit proposals drawing conclusions relating to credit assessment, risk appetite, exposure drivers and business prospects interact with counterparties to conduct due diligence and obtain relevant information to complete credit requests and clarify issues that may arise participate in negotiations of trading documentation day-to-day monitoring of credit exposure against approved limits and parameters perform ad hoc credit risk analysis and portfolio deep dive when necessary your team you will be working in the hedge fund credit risk control team in singapore aligned with the investment bank. the team is responsible for the credit assessment, monitoring, control, and transaction decision approval of ubs's counterparties, which primarily encompass hedge funds, family offices and private equity funds. our remit includes counterparty credit analysis and due diligence, limit setting, exposure management and ad hoc trade approvals. your expertise you have: a university degree or international equivalent, preferably in accounting, finance, economics or mathematics 2-5 years relevant work experience strong analytical, quantitative and problem solving skills some knowledge of financial markets, hedge funds, trading products and financial accounting concepts you are: a team player with strong interpersonal skills to establish trustworthy relationships with internal peers, business, and senior management fluent in english (fluent verbal and strong english writing skills) and mandarin is desirable about us ubs is the world__ largest and only truly global wealth manager. we operate through four business divisions: global wealth management, personal & corporate banking, asset management and the investment bank. our global reach and the breadth of our expertise set us apart from our competitors. with more than 70,000 employees, we have a presence in all major financial centers in more than 50 countries. do you want to be one of us? join us from gaining new experiences in different roles to acquiring fresh knowledge and skills, at ubs we know that great work is never done alone. we know that it's our people, with their unique backgrounds, skills, experience levels and interests, who drive our ongoing success. together we__e more than ourselves. ready to be part of #teamubs and make an impact? disclaimer / policy statements ubs is an equal opportunity employer. we respect and seek to empower each individual and support the diverse cultures, perspectives, skills and experiences within our workforce. employees working from ubs singapore offices must comply with workforce vaccination measures as implemented by the singapore government with effect from 1 january 2022, and other applicable safe management measures as may be amended from time to time.",analyst,analyst,True
